{"cameraMode":{"drawMode":0,"name":"Shaded","section":"Shading Mode"},"sceneLighting":true,"audioPlay":false,"sceneViewState":{"showFog":true,"showMaterialUpdate":false,"showSkybox":true,"showFlares":true,"showImageEffects":true,"showParticleSystems":true},"in2DMode":false,"pivot":{"x":763.444580078125,"y":452.16943359375,"z":36.46142578125},"rotation":{"x":-0.09400435537099838,"y":0.20953471958637238,"z":-0.020242545753717424,"w":-0.9730615019798279},"size":343.8088073730469,"orthographic":false}